text,occurrence_count
fake credentials,1686.0
solar irrigation pumps,732.0
coach coach,599.0
eight boreholes,512.0
previous year,350.0
sanction sanitation defaulters,344.0
half-time interviews,324.0
frontline technical staff,303.0
typhoid surge,271.0
explosive cases,246.0
anti-apartheid documentary,219.0
new relationship show,211.0
epic intercontinental journey,196.0
devout hands,157.0
number one artiste,150.0
deadly clashes,139.0
seven convictions,130.0
global mail deliveries,129.0
top flight,128.0
lands minister,127.0
new gospel show,127.0
table tennis,124.0
agro-processing,122.0
local medicine,118.0
public service charges,116.0
new subscribers,114.0
one study,113.0
three sureties,111.0
defending champions,110.0
bottom corner,106.0
community assurance patrols,105.0
morning man,104.0
one user,101.0
international football,100.0
a-thon,93.0
air travel,92.0
review period,91.0
upcoming season,91.0
life imprisonment,91.0
cement prices,90.0
weak candidates,89.0
four sets,88.0
akwasi agyeman,85.0
third biggest club,85.0
courier crackdown,84.0
kidney failure,84.0
southern city,84.0
forestry commission,83.0
certain individuals,82.0
multiple sectors,80.0
meningitis,79.0
musical greats,77.0
right people,76.0
certain areas,75.0
one hand,75.0
improved prison,75.0
massive water shortage,75.0
deadly helicopter,73.0
nuclear energy,72.0
one resident,72.0
video games,71.0
touchline,71.0
great admirer,71.0
upcoming licensure exams,71.0
historic town hall,69.0
far post,69.0
highways minister,69.0
club projects,69.0
advanced military equipment,69.0
regional favorites,68.0
sbawumia,66.0
two goat thieves,66.0
reins,65.0
sole woman,65.0
nearest police station,65.0
one suspect,63.0
internet trolls,63.0
egg-shaped rings,61.0
live ammunition,61.0
one case,60.0
safe water,60.0
manual toll gates,60.0
older persons,60.0
one roof,60.0
large parts,59.0
oral sex,59.0
drawing board,57.0
cocoa sacks,56.0
primary healthcare,55.0
sad people,55.0
van vicker,55.0
career-ready graduates,55.0
multiple regions,55.0
faulty infrastructure,55.0
southern part,54.0
brooms,53.0
central government,52.0
typhoid cases,52.0
hairdressing,52.0
speculative reports,52.0
public transportation,52.0
national television,52.0
constructed roads,51.0
dual citizens,51.0
sustainable infrastructure,51.0
best person,51.0
comers,50.0
integrated business survey,50.0
spade,50.0
well-experienced guests,50.0
right tools,50.0
large portion,49.0
two draws,49.0
main opposition,49.0
national guard,48.0
tidal tave victims,48.0
tomato paste,47.0
transgender women,47.0
one fan,47.0
olive oil,47.0
deprived residents,47.0
fatal helicopter,47.0
unauthorised electricians,46.0
biofuels,45.0
new programming line-up,45.0
large swathes,45.0
inward remittance services,45.0
eno,45.0
legal practitioner,44.0
security delegation,44.0
non-consensual photos,44.0
potatoes,44.0
certain people,44.0
tits,43.0
peer-reviewed studies,43.0
osteoporosis,43.0
eastern city,43.0
youth entrepreneurs,43.0
cybercriminals,43.0
strongly worded statement,43.0
detailed report,43.0
motor insurance,43.0
private legal practitioner,42.0
electoral violence report,42.0
floodgates,42.0
new youth leaders,42.0
 national headquarters,42.0
telecommunications industry,41.0
laos,41.0
electoral roll,41.0
first accused person,41.0
homosexuals,41.0
afterparty beats,41.0
weekly programme,41.0
dawada,40.0
mobile money payments,40.0
earlier reports,40.0
responsible citizens,40.0
electronic payments,40.0
best candidate,40.0
one district,39.0
locally produced items,39.0
nearby hospital,39.0
academic research institutions,39.0
medical associations,39.0
showbiz industry,39.0
live television,39.0
skilled labour,39.0
diagnostics,38.0
aquaculture projects,38.0
mobile banking,38.0
climate-smart agriculture,38.0
landlocked giant,38.0
live music,38.0
red wine,38.0
high school crush,38.0
national cruiserweight,38.0
certain parts,38.0
wind energy,37.0
cultural tourism,37.0
para sports,37.0
forcibly displaced persons,37.0
fuel allowance money,37.0
north east,37.0
semiconductors,37.0
everyday people,37.0
soybeans,37.0
tax-free lavish gifts,37.0
energy prices,36.0
record levels,36.0
greenback,36.0
clay,36.0
floodwaters,36.0
deputy finance minister,36.0
motorbike riders,36.0
newsmen,36.0
substandard cement producers,36.0
countryside,36.0
theaters,36.0
medal table,36.0
clean drinking water,36.0
medical case,36.0
three excavators,36.0
one umbrella,36.0
kidney diseases,36.0
five sets,35.0
deep cut,35.0
electoral body,35.0
breast cancer surgeries,35.0
free surgeries,35.0
leaking bucket,35.0
back-to-back sold-out shows,35.0
multi-functional display barrow,35.0
sanitary products,35.0
local reports,35.0
back post,35.0
 presidential election,35.0
southern zone,34.0
three-member committee,34.0
reinforcements,34.0
oncology doctors,34.0
bpd,33.0
classified documents,33.0
five assists,33.0
new official vehicle,33.0
bloodstains,33.0
forged documents,33.0
two prestigious awards,33.0
media owners,33.0
global music scene,33.0
cocktails,33.0
bourse,33.0
rhino horns,33.0
parliamentary press corps,33.0
second accused person,33.0
assorted products,33.0
telecommunications sector,33.0
security analyst,32.0
statesman,32.0
reigning champions,32.0
teargas,32.0
law-abiding citizens,32.0
distressed technical universities,32.0
fresh elections,32.0
three draws,32.0
eyewitness accounts,31.0
former head,31.0
childhood cancer,31.0
broccoli,31.0
artisanal miners,31.0
fire extinguishers,31.0
formal letter,31.0
mackerel,31.0
cashew sector,30.0
underserved regions,30.0
kickbacks,30.0
one witness,30.0
fashion world,30.0
separate incident,30.0
tragic helicopter,30.0
show-stopping championships,30.0
two match points,30.0
savannah,30.0
mosquito nets,30.0
quarter-final stage,30.0
newly trained teachers,30.0
scorching sun,30.0
essential equipment,30.0
fertile ground,29.0
mobile money transfers,29.0
temporary road closures,29.0
half-hour mark,29.0
reverse school calendar,29.0
certain regions,29.0
traditional drumming,29.0
multiple people,29.0
yoghurt,29.0
masturbation,29.0
defence staff,29.0
daylight,29.0
news briefing,29.0
essential medical equipment,29.0
poorest countries,29.0
severe burns,29.0
baseball,29.0
cloves,29.0
skin cancer,29.0
assistant coach,28.0
statutory institutions,28.0
merch,28.0
potential customers,28.0
old road projects,28.0
cut-off points,28.0
eastern part,28.0
one guy,28.0
oily skin,28.0
vegetable farming,28.0
new consultant,28.0
zeaxanthin,28.0
school feeding program,28.0
mineral fuels,28.0
predecessor governments,28.0
hand gloves,28.0
new doors,28.0
phone interview,27.0
ambulance service,27.0
green buildings,27.0
former housekeepers,27.0
heavy fighting,27.0
local scene,27.0
infected individuals,27.0
marine life,27.0
underserved populations,27.0
free man,27.0
cortisol,27.0
new gas plant,27.0
one knee,27.0
odas,27.0
exporters association,26.0
similar projects,26.0
various political parties,26.0
lost evidence,26.0
swollen lymph nodes,26.0
fried rice,26.0
two motorbikes,26.0
lung cancer,26.0
agricultural machinery,26.0
three shifts,26.0
fewer people,26.0
temporary internet blackout,26.0
second floor,26.0
transgender people,26.0
cement industry,26.0
certain foods,26.0
human blood,26.0
open organisation,26.0
past administrations,26.0
online shopping,26.0
donor funding,26.0
escaped pet lion,26.0
armed robberies,26.0
wild celebrations,26.0
left flank,26.0
drug dosage,26.0
glaucoma,26.0
transportation fares,26.0
potential banana peel,26.0
unlicensed hotels,26.0
league log,26.0
songwriter,25.0
main entrance,25.0
premium gifts,25.0
late singer,25.0
old guy,25.0
interested participants,25.0
clean fuels,25.0
multiple sexual partners,25.0
previous regime,25.0
free refreshments,25.0
one location,25.0
light crude oil,25.0
opposition supporters,25.0
key doctor,25.0
folate,25.0
main city,25.0
musical chairs,25.0
winning penalty,25.0
anthrax,25.0
homebuyers,25.0
detailed analytical reports,25.0
prepared person,25.0
job creators,25.0
surplus food,25.0
better stage performer,25.0
key leader,25.0
one-week observance moves,25.0
personal scores,25.0
cement price cap,25.0
medical profession,25.0
animal feed,25.0
problem solvers,25.0
local police,24.0
poet,24.0
league leaders,24.0
university management,24.0
political scientist,24.0
official results,24.0
certain countries,24.0
latest public figure,24.0
war songs,24.0
said company,24.0
poultry feed,24.0
potential migrants,24.0
lucky listener,24.0
football enthusiasts,24.0
wider region,24.0
first-time offender,24.0
vanilla,24.0
pharma,24.0
bed bugs,24.0
berry,24.0
ultimate trophy,24.0
flash flooding,24.0
spinach,24.0
said vehicle,24.0
large portions,24.0
live bullets,24.0
graphite,24.0
informal settlements,24.0
leading technical teams,24.0
systems administrator,24.0
seasoned cloud architect,24.0
late actor,24.0
oratorical masterpiece,24.0
one expert,24.0
treasury market,24.0
unlicensed engineers,24.0
frontrunner,23.0
fellamakafui,23.0
various ministries,23.0
said land,23.0
apex bank,23.0
one lady,23.0
live rounds,23.0
local law enforcement,23.0
military club,23.0
interbank forex market,23.0
international sports events,23.0
immigration agents,23.0
largest opposition party,23.0
six-hour nationwide blackout,23.0
one constituency,23.0
ornaments,23.0
maxwell agbagba,23.0
nutritious meals,23.0
whole place,23.0
midwifery tutors,23.0
law enforcement officials,23.0
same-sex couples,23.0
washing machines,23.0
international stars,23.0
unsafe buildings,23.0
two main parties,23.0
water sector,23.0
dying embers,23.0
one trader,23.0
mining explosives,23.0
power thieves,23.0
downstream petroleum industry,23.0
telecommunications giant,23.0
foreign exchange receipts,23.0
shock waves,23.0
days market,22.0
billionaire,22.0
final product,22.0
local goods,22.0
right partner,22.0
epic concert,22.0
right one,22.0
knowledge-sharing forum,22.0
organic farming,22.0
international experts,22.0
unregistered drugs,22.0
radiotherapy,22.0
stews,22.0
cultural consultants,22.0
alleged acid attack,22.0
next two days,22.0
third consecutive time,22.0
job interview,22.0
child soldiers,22.0
dancehall music,22.0
three gold medals,22.0
zonal semis,22.0
water polo,22.0
significant player,22.0
certain places,22.0
lucky housewife,22.0
large areas,22.0
one set,22.0
itel,22.0
multiple women,22.0
courtroom memes,22.0
acacia,22.0
small groups,22.0
domestic football leagues,22.0
closest rival,22.0
deepfakes,22.0
cocoa butter,22.0
lutein,22.0
credible sources,22.0
multiple industries,22.0
care homes,22.0
peppers,21.0
key tool,21.0
pure water,21.0
eight victims,21.0
major foreign currencies,21.0
best student,21.0
private sector stakeholders,21.0
environmental activists,21.0
media sector,21.0
nitrogen,21.0
digital satellite channels,21.0
right materials,21.0
different communities,21.0
full-time whistle,21.0
rural electrification,21.0
better roads,21.0
good ambassadors,21.0
agro-processing equipment,21.0
service outlets,21.0
market days,21.0
different stakeholders,21.0
international tourists,21.0
detained nursing mothers,21.0
plain clothes,21.0
international audiences,21.0
street lighting,21.0
last two days,21.0
visa rules,21.0
first two sets,21.0
new lifelines,21.0
sonic memoir,21.0
churchgoers,21.0
amazing athlete,21.0
two landed properties,21.0
biggest clubs,21.0
corporate bonds,21.0
environmental advocates,21.0
cranny,21.0
global stages,21.0
four new bonds,21.0
especially young people,21.0
proud member,21.0
official sources,21.0
cultural displays,21.0
event centres,21.0
unused substitute,21.0
lunar surface,21.0
atherosclerosis,21.0
telecommunication services,20.0
new fire,20.0
music producer,20.0
comedy-savvy pundits,20.0
mineral water,20.0
flag football,20.0
bronchitis,20.0
quizzes,20.0
unknown location,20.0
dog bites,20.0
right infrastructure,20.0
policy debates,20.0
one school,20.0
six-yard box,20.0
head injuries,20.0
seasoned professional,20.0
cement sales,20.0
www,20.0
investment app,20.0
red meat,20.0
spot gold,20.0
civil society representatives,20.0
search giant,20.0
mature working professional,20.0
municipal bonds,20.0
commercial loans,20.0
mansa musa,20.0
high-profile political leaders,20.0
rural regions,20.0
mineral extraction,20.0
staunch advocate,20.0
garri,20.0
business-class tickets,20.0
iron deficiency,20.0
hydroxyurea,20.0
probing talk show,20.0
wrong baby,20.0
affordable smartphones,20.0
alumina,20.0
junk food,20.0
sugarcane juice,20.0
one community,20.0
current constitution,20.0
fact-checkers,20.0
salmonella,20.0
prison bus,20.0
best actor,20.0
speed race,20.0
brim,20.0
housing facility,20.0
media workers,20.0
liquid soaps,20.0
magnesium supplementation,20.0
jet fuel,20.0
general populace,19.0
police leadership,19.0
creative arts industry,19.0
police team,19.0
back seat,19.0
honourable court,19.0
market leader,19.0
professional services firm,19.0
utility providers,19.0
ore,19.0
bus stop,19.0
different thing,19.0
foreign buyers,19.0
certain cancers,19.0
mixed volleyball,19.0
antiretroviral therapy,19.0
medical field,19.0
certain words,19.0
electric stun guns,19.0
vibrant hub,19.0
magnesium supplements,19.0
international stages,19.0
entire area,19.0
cyber attacks,19.0
public gallery,19.0
neonatal jaundice,19.0
diverse industries,19.0
playing surface,19.0
well-capitalised banks,19.0
world-class institution,19.0
rainy day,19.0
three representative offices,19.0
two nursing mothers,19.0
water treatment,19.0
community organizations,19.0
high-speed internet,19.0
one generation,19.0
hawker,19.0
fresh produce,19.0
equator,19.0
ulcers,19.0
case investigator,19.0
different country,19.0
outdated infrastructure,19.0
private sector partnerships,19.0
local journalists,19.0
geographical boundaries,19.0
drug traffickers,19.0
southern state,19.0
technology firms,19.0
multiple platforms,19.0
firm believer,19.0
real estate investments,19.0
one dam,19.0
national secretary,19.0
one protester,19.0
uterine fibroids,19.0
traditionalists,19.0
crisis meeting,19.0
two break points,19.0
undisclosed location,19.0
private sector representatives,19.0
wide audience,19.0
main tournament,19.0
telecom sector,19.0
largest sector,19.0
front foot,19.0
blood products,19.0
two excavators,19.0
bustling streets,19.0
commercial flight,18.0
pavements,18.0
south-west,18.0
younger audiences,18.0
major stakeholder,18.0
valid license,18.0
elikem kumordzie,18.0
rural banking sector,18.0
forested mountainside,18.0
best bank,18.0
public lectures,18.0
open sea,18.0
nail-biting tie-breaker,18.0
underage girls,18.0
national service person,18.0
one project,18.0
multiple channels,18.0
real-time updates,18.0
first mpox test,18.0
best films,18.0
low-income families,18.0
runners-up,18.0
local organisations,18.0
separate interview,18.0
arrival hall,18.0
truly wonderful father,18.0
first complainant,18.0
fatal accidents,18.0
poultry farming,18.0
estate development,18.0
business trip,18.0
anti-galamsey unit,18.0
huge crowds,18.0
lottery industry,18.0
local suppliers,18.0
match days,18.0
fertile grounds,18.0
change agents,18.0
short statement,18.0
human brain,18.0
separate accidents,18.0
locally manufactured pistol,18.0
familiar face,18.0
nationwide tracking system,18.0
permanent residents,18.0
incumbent governments,18.0
the-spot,18.0
eight counts,18.0
organizing committee,18.0
key health projects,18.0
better infrastructure,18.0
court registry,18.0
cocoa processing,18.0
vaping,18.0
car rentals,18.0
transportation networks,18.0
mostly civilians,18.0
wrongful jail,18.0
foreign illegal miners,18.0
general goods,18.0
visualisers,18.0
duplicate docket,17.0
sea defence project,17.0
cholera outbreak,17.0
north-west,17.0
voice calls,17.0
healthy diets,17.0
vocal advocate,17.0
full scholarships,17.0
transformational leaders,17.0
strong supporter,17.0
contemporary art,17.0
courier services,17.0
electrical faults,17.0
newly sworn-in envoys,17.0
tin tomatoes,17.0
safer roads,17.0
responsible gaming brand,17.0
civilian infrastructure,17.0
deadly weapon,17.0
bated breath,17.0
main speaker,17.0
education campaigns,17.0
cocoa cultivation,17.0
teen users,17.0
first countries,17.0
one breath,17.0
cement products,17.0
gas production,17.0
top two teams,17.0
multiple sclerosis,17.0
autographs,17.0
nationwide art competition,17.0
silver certification,17.0
fixed deposits,17.0
local bourse,17.0
like-minded people,17.0
amateur filmmaker,17.0
aflatoxins,17.0
poor drainage,17.0
live radio,17.0
five districts,17.0
whole region,17.0
martial arts,17.0
zoos,17.0
top floor,17.0
multiple gunshot wounds,17.0
community volunteers,17.0
opening minutes,17.0
ladies category,17.0
cane sugar,17.0
rare earth minerals,17.0
two other individuals,17.0
first floor,17.0
local sources,17.0
single-entry visas,17.0
life-transforming surgery,17.0
strong bones,17.0
underprivileged communities,17.0
public financial system,17.0
tax fraud,17.0
dysentery,17.0
innocent person,17.0
human rights advocates,17.0
portable water,17.0
dead men,17.0
aman,17.0
brent,17.0
cash withdrawals,17.0
even members,17.0
business advisory services,17.0
arrival testing,17.0
communication firm,17.0
upper house,17.0
western city,17.0
art exhibitions,17.0
brief ceremony,16.0
forex market,16.0
media personality,16.0
second seed,16.0
various security agencies,16.0
rescue mission,16.0
criminal complaint,16.0
plumbers,16.0
four-year-old boy,16.0
short end,16.0
underground cables,16.0
beach soccer,16.0
armed illegal miners,16.0
prophecy desk,16.0
best-performing currency,16.0
high places,16.0
four sureties,16.0
tofu,16.0
border personnel,16.0
chemical fertilizers,16.0
just-ended polls,16.0
well-paying jobs,16.0
seven players,16.0
border officials,16.0
one commenter,16.0
antoa,16.0
state legislatures,16.0
app developers,16.0
jaundice,16.0
feces,16.0
state awards,16.0
suspected cocaine,16.0
bush fires,16.0
galamsey drones,16.0
jute bags,16.0
best gift,16.0
drop zone,16.0
international creditors,16.0
proper records,16.0
lithium-ion batteries,16.0
transit point,16.0
naked eye,16.0
public protests,16.0
treasury bonds,16.0
following persons,16.0
seabed,16.0
repeat offenders,16.0
under-served communities,16.0
lower-income countries,16.0
tourney,16.0
corona virus,16.0
younger voters,16.0
critical platform,16.0
normal people,16.0
first company,16.0
royal regalia,16.0
global icons,16.0
abbey,16.0
noodles,16.0
agricultural space,16.0
silk,16.0
multiple partners,16.0
political operatives,16.0
good leaders,16.0
local students,16.0
three square meals,16.0
muscle aches,16.0
large sections,16.0
fashion shows,16.0
fine lines,16.0
crack cocaine,16.0
lean proteins,16.0
female counterparts,16.0
cockpit voice recorders,16.0
previous auction,16.0
one stone,16.0
solo artist,16.0
semifinal stage,16.0
first instalment,16.0
rebates,16.0
selected personalities,16.0
sports fraternity,16.0
thrilling tie-breaker,16.0
passerby,16.0
low-income communities,16.0
emergency treatment,16.0
di victims,16.0
bygones,16.0
water contamination,16.0
motorcyclists,16.0
ultrasound scans,16.0
state prosecutors,16.0
political party manifestos,16.0
pump-action guns,16.0
 transformer,16.0
cimg,15.0
multiple locations,15.0
city authorities,15.0
coronavirus disease,15.0
extreme weather,15.0
first-half,15.0
first bank,15.0
recent floods,15.0
gender minister,15.0
floodlights,15.0
large-scale farming,15.0
outside court,15.0
penile cancer,15.0
four excavators,15.0
unvaccinated people,15.0
telecom services,15.0
independent media,15.0
domestic businesses,15.0
kente production,15.0
temperature checks,15.0
laboratory equipment,15.0
clean air projects,15.0
three-year-old girl,15.0
disability community,15.0
cleaner air,15.0
liver damage,15.0
politically exposed individuals,15.0
international company,15.0
upper chamber,15.0
sustainable materials,15.0
pop music,15.0
peaceful protesters,15.0
periodontitis,15.0
violent scuffle,15.0
sea-level rise,15.0
key market,15.0
first preliminary round,15.0
business travellers,15.0
statistical data,15.0
pedestrian knockdowns,15.0
different industries,15.0
investing public,15.0
fintech startups,15.0
child birth,15.0
crime officer,15.0
largest gathering,15.0
packets,15.0
one driver,15.0
different platforms,15.0
toilet cubicles,15.0
infected animals,15.0
all-expenses-paid trip,15.0
local bond market,15.0
respiratory droplets,15.0
online orders,15.0
private tertiary institutions,15.0
short periods,15.0
two dialysis sessions,15.0
healthy food,15.0
parliament fire,15.0
longer periods,15.0
ensuing years,15.0
menswear,15.0
imported fossil fuels,15.0
di hospital,15.0
di city,15.0
preferred communication platform,15.0
boxing world,15.0
one breast,15.0
healthy body,15.0
dark web,15.0
sustainable cities,15.0
green technology,15.0
prepared candidate,15.0
college campuses,15.0
special vehicle,15.0
sepsis,15.0
one building,15.0
springs,15.0
peaceful demonstrations,15.0
heavy weapons,15.0
amphibians,15.0
new clients,15.0
black communities,15.0
elephantiasis,15.0
shell companies,15.0
hair dryers,15.0
divorcee,15.0
bourbon,15.0
iconic bottle,15.0
fine print,15.0
central midfield,15.0
unsuspecting public,15.0
halfway line,15.0
desserts,15.0
original sound,15.0
perfectionist,15.0
black tea,15.0
oil market,15.0
government property,15.0
alternative energy sources,15.0
main body,15.0
university student,15.0
stretchers,15.0
specific brands,15.0
respiratory illnesses,15.0
elephant family,15.0
input dealers,15.0
one female,15.0
non-life-threatening injuries,15.0
sinners,15.0
broad audience,15.0
top young rappers,15.0
respected figure,15.0
selenium,15.0
new parliamentary chamber,15.0
business meetings,15.0
mixed martial arts,15.0
day schools,15.0
rural schools,15.0
timber industry,14.0
upper part,14.0
new envoys,14.0
one-eighth stage,14.0
tourism ministry,14.0
federal court,14.0
two journalists,14.0
five-member panel,14.0
flight data,14.0
right places,14.0
reliable power supply,14.0
law lecturer,14.0
catering services,14.0
successful women,14.0
jama night,14.0
unpaid local manufacturers,14.0
qualified professionals,14.0
disability organisations,14.0
foreign institutions,14.0
legal community,14.0
baby food,14.0
different person,14.0
wider audiences,14.0
strengthened public structures,14.0
local flavours,14.0
higher temperatures,14.0
sharp-eyed social commentator,14.0
krontire family,14.0
global nutrition company,14.0
geologists,14.0
forced marriages,14.0
electricity bill payments,14.0
direct phone call,14.0
double daily flights,14.0
voluntary military service,14.0
trade partnerships,14.0
sanitation workers,14.0
full gear,14.0
private stakeholders,14.0
mid-year updates,14.0
fake drugs,14.0
plotters,14.0
numerous individuals,14.0
global map,14.0
second-hand clothing,14.0
defibrillators,14.0
one account,14.0
perfumery,14.0
heavy gunfire,14.0
extreme rainfall,14.0
third floor,14.0
knockout rounds,14.0
final draft,14.0
rainwater harvesting,14.0
back burner,14.0
current board,14.0
extra holiday,14.0
strawberries,14.0
local football,14.0
independent bodies,14.0
tissue paper,14.0
democratically elected governments,14.0
apostles,14.0
foreign schools,14.0
active contributors,14.0
emergency vehicles,14.0
long-awaited album,14.0
unhealthy fats,14.0
fake academic titles,14.0
flood-hit district,14.0
private meetings,14.0
twin classroom projects,14.0
civilian populations,14.0
donor funds,14.0
postgraduate programmes,14.0
gunshot injuries,14.0
professional teacher,14.0
second-hand clothes,14.0
manipulators,14.0
fintech firms,14.0
financial regulators,14.0
downloads,14.0
yellow fever,14.0
face shields,14.0
nine regions,14.0
drug user,14.0
tech startups,14.0
forest clubs,14.0
domestic scene,14.0
recording leaked tape,14.0
oldest player,14.0
state money,14.0
electric power,14.0
wayside,14.0
three nominations,14.0
fake titles,14.0
public address systems,14.0
independent artiste,14.0
self-driving cars,14.0
online payments,14.0
mudslides,14.0
local hospitals,14.0
various administrations,14.0
green hydrogen,14.0
resilient communities,14.0
nearby hospitals,14.0
organ transplants,14.0
public housing,14.0
public works,14.0
urban planners,14.0
seven-year-old girl,14.0
music bands,14.0
countless women,14.0
teqball,14.0
yellow mombin,14.0
tantalum,14.0
dead people,14.0
regional trainers,14.0
biggest events,14.0
family sources,14.0
party representatives,14.0
destiny haters,14.0
certain sections,14.0
environmental experts,14.0
terrorist organisations,14.0
severe turbulence,14.0
civilian areas,14.0
community centres,14.0
pus-filled lesions,14.0
grooves,14.0
agricultural jobs,14.0
syphilis,14.0
niacin,14.0
hospital officials,14.0
current wife,14.0
women businesses,14.0
multiple stab wounds,14.0
eight schools,14.0
loud bang,14.0
chronic non-communicable diseases,14.0
gestational diabetes,14.0
rubber ring,14.0
baked goods,14.0
neurosurgery,14.0
different judge,14.0
gonorrhea,14.0
black polythene bag,14.0
lentils,14.0
two-bedroom apartment,14.0
fine dining,14.0
open university,14.0
 projects,14.0
ashley,13.0
vice president-elect,13.0
coming days,13.0
handcuffs,13.0
two officials,13.0
pressure group,13.0
custodian,13.0
senior fellow,13.0
two-day workshop,13.0
appeals court,13.0
two-day conference,13.0
policy analyst,13.0
cornerstones,13.0
motor rider,13.0
justice ministry,13.0
historian,13.0
tracklist,13.0
pyramids,13.0
late substitute,13.0
trained personnel,13.0
large-scale mining sector,13.0
senior administration official,13.0
water meters,13.0
wearer,13.0
political rally,13.0
dryers,13.0
unprecedented cross-border attack,13.0
state lines,13.0
traditional financial institutions,13.0
lesbians,13.0
past nine years,13.0
community champions,13.0
male fruit,13.0
existing record,13.0
one judge,13.0
energy investors,13.0
just-ended election,13.0
four nominations,13.0
drug users,13.0
better lover,13.0
married people,13.0
smoke detectors,13.0
surprise cinema sequel,13.0
previous session,13.0
big chunk,13.0
fin,13.0
grey hair,13.0
hatchet,13.0
playgrounds,13.0
top three winners,13.0
federal grand jury,13.0
agro-processors,13.0
voting pool,13.0
four continents,13.0
red armbands,13.0
media companies,13.0
lug nuts,13.0
diesel cars,13.0
recent spillage,13.0
bioactive compounds,13.0
similar project,13.0
youngest population,13.0
computer chips,13.0
traditional rhythms,13.0
two different things,13.0
ninth minute,13.0
event cancellations,13.0
airport contract,13.0
modern medicine,13.0
everyday essentials,13.0
new users,13.0
poetry recitals,13.0
two leading parties,13.0
soya bean,13.0
smart technology,13.0
beating heart,13.0
constitutional committee,13.0
fun-packed activities,13.0
retail customers,13.0
liver cancer,13.0
close season,13.0
different schools,13.0
white police officer,13.0
upcoming presidential election,13.0
first study,13.0
affordable homes,13.0
local innovations,13.0
three albums,13.0
private associations,13.0
one faction,13.0
best clubs,13.0
tech innovators,13.0
different dates,13.0
general citizenry,13.0
one-year bill,13.0
permanent member,13.0
money audit,13.0
sesame,13.0
cleaner fuels,13.0
hot chase,13.0
guided tour,13.0
penultimate round,13.0
residential customers,13.0
black smoke,13.0
neck pain,13.0
patriotic songs,13.0
past government,13.0
fake degrees,13.0
home loans,13.0
walnuts,13.0
poor homes,13.0
heartfelt statement,13.0
parent club,13.0
driving seat,13.0
certain goods,13.0
brothels,13.0
cashew processing,13.0
renewable energy infrastructure,13.0
auction house,13.0
postal ballots,13.0
animations,13.0
biggest stages,13.0
disaster survivors,13.0
local financial institutions,13.0
fine finish,13.0
plant breeding,13.0
similar facilities,13.0
great nutrition products,13.0
value-added products,13.0
methamphetamine,13.0
current power outages,13.0
special celebrations,13.0
agro-processing factories,13.0
fishing boats,13.0
first two rounds,13.0
pivotal player,13.0
health care services,13.0
forest rescue operations,13.0
sex abuse victim,13.0
ongoing ambulance case,13.0
cocoa powder,13.0
likely voters,13.0
akple,12.0
photojournalism,12.0
special purpose vehicle,12.0
long jump,12.0
award ceremony,12.0
large crowd,12.0
bad weather,12.0
fashion designer,12.0
district court,12.0
old bonds,12.0
sore throat,12.0
backseat,12.0
evangelist,12.0
pensioner bondholders,12.0
star school,12.0
former prime minister,12.0
original panel,12.0
different political parties,12.0
certain items,12.0
security infrastructure,12.0
local content production,12.0
fast food,12.0
late politician,12.0
additional staff,12.0
nine players,12.0
large family,12.0
cliffs,12.0
skin diseases,12.0
dental care,12.0
presidential planes,12.0
new boats,12.0
sole buyer,12.0
building systems,12.0
youth internship scheme,12.0
key platform,12.0
voter data,12.0
one engine,12.0
beach volleyball,12.0
body aches,12.0
tropical depression,12.0
food assistance,12.0
single platform,12.0
two-day training workshop,12.0
catastrophic flooding,12.0
energy-efficient technologies,12.0
book industry,12.0
separate interviews,12.0
patient data,12.0
certain constituencies,12.0
financial literacy programs,12.0
underside,12.0
thiamine,12.0
progesterone,12.0
underprivileged students,12.0
cocoa output,12.0
chlamydia,12.0
working-age population,12.0
viable businesses,12.0
youngest man,12.0
clean energy technologies,12.0
professional game,12.0
next generations,12.0
corporate teams,12.0
large section,12.0
anonymous source,12.0
baby number,12.0
university degree,12.0
paupers,12.0
radio broadcasting,12.0
migrant arrivals,12.0
digital learning tools,12.0
maternity clothes,12.0
potential victims,12.0
opposite lane,12.0
flood water,12.0
full documentary,12.0
high table,12.0
multiple surgeries,12.0
mobile money providers,12.0
mammograms,12.0
two males,12.0
certain products,12.0
laboratory managers,12.0
mumps,12.0
maiden goal,12.0
televised statement,12.0
mounting losses,12.0
customer funds,12.0
protest walk,12.0
wake up call,12.0
foreign loans,12.0
long walks,12.0
happy birthday,12.0
radiographers,12.0
property developers,12.0
improved prison feeding,12.0
new acting premier,12.0
proper handwashing,12.0
the-line,12.0
pandemic hit,12.0
subject matter experts,12.0
respiratory issues,12.0
social protection systems,12.0
ozone layer,12.0
youth organisations,12.0
wrong foot,12.0
right products,12.0
aspiring homeowners,12.0
elephant fraternity,12.0
three representatives,12.0
one charge,12.0
mushroom,12.0
netball,12.0
water production,12.0
rubber plantations,12.0
luxury hotels,12.0
inquiry centres,12.0
local organizations,12.0
electronic money,12.0
lowest fuel price,12.0
euro area,12.0
vast swathes,12.0
three other persons,12.0
next election cycle,12.0
accident site,12.0
household toilets,12.0
quality housing,12.0
hedge funds,12.0
philosophers,12.0
beacons,12.0
scents,12.0
cybersecurity experts,12.0
public libraries,12.0
severe headaches,12.0
toffees,12.0
hospital premises,12.0
long season,12.0
home gardening,12.0
electrical fault,12.0
different companies,12.0
last presidential election,12.0
presidential vote,12.0
hydrogen peroxide,12.0
best schools,12.0
extinguishers,12.0
midnight crash,12.0
first pope,12.0
high fashion,12.0
different markets,12.0
medical mask,12.0
film festivals,12.0
football talents,12.0
exclusive performances,12.0
largest contributor,12.0
sages,12.0
exciting hangout lunch,12.0
global experts,12.0
floriculture,12.0
investment deals,12.0
mortal forms,12.0
almost every country,12.0
rip-offs,12.0
cassava flour,12.0
shrimps,12.0
local reporters,12.0
infected patients,12.0
arm-wrestling,12.0
grocery stores,12.0
political party financiers,12.0
borborbor,12.0
renowned artists,12.0
amateur boxing,12.0
cruise missiles,12.0
live streams,12.0
shillings,12.0
rice prices,12.0
toothpicks,12.0
complex carbohydrates,12.0
fuel supplies,12.0
weightlifters,12.0
national power grid,12.0
new voices,12.0
inventories,12.0
club captain,12.0
entire citizenry,12.0
water sports,12.0
black pepper,12.0
ceiling fans,12.0
customs authorities,12.0
emergency officials,12.0
joint press briefing,12.0
sustainable products,12.0
state security operatives,12.0
agricultural goods,12.0
cocoa paste,12.0
foreign residents,12.0
ruling class,12.0
sexual assault accusers,12.0
big company,12.0
paedophiles,12.0
movie roles,12.0
patient complaints,12.0
alleged phone,12.0
sausage,12.0
white bread,12.0
cassava fufu,12.0
media community,12.0
joint meeting,12.0
newly sworn-in board,12.0
dengue,12.0
drug addict,11.0
transport energy,11.0
larger community,11.0
forecourt,11.0
tobacco,11.0
two-year deal,11.0
countless lives,11.0
credit rating agencies,11.0
thunder,11.0
telecom companies,11.0
robbery incident,11.0
second runner-up,11.0
buffer zone,11.0
former speaker,11.0
various tertiary institutions,11.0
shift system,11.0
clerks,11.0
nearby town,11.0
communication minister,11.0
news media,11.0
staircase,11.0
double-track,11.0
various courts,11.0
community representatives,11.0
training forms,11.0
arresting officers,11.0
wanted persons,11.0
canned tuna,11.0
entire place,11.0
aviation experts,11.0
conference grounds,11.0
six pieces,11.0
trained lawyer,11.0
outspoken legislator,11.0
broadcasting space,11.0
debit cards,11.0
energy-efficient appliances,11.0
savers,11.0
tennis world,11.0
federal workers,11.0
one employee,11.0
fizzy drinks,11.0
banking agents,11.0
three shows,11.0
renal diseases,11.0
salaried workers,11.0
digital payment solutions,11.0
small business clinics,11.0
international trade exhibitions,11.0
unmanned aerial vehicles,11.0
precinct,11.0
exit door,11.0
hoes,11.0
ceramic tiles,11.0
gospel industry,11.0
solemn wreath-laying ceremony,11.0
military fatigues,11.0
beading,11.0
gated communities,11.0
straws,11.0
following channels,11.0
mucus,11.0
greatest footballers,11.0
present administration,11.0
rising electricity bills,11.0
washing powder,11.0
plane maker,11.0
three match points,11.0
one space,11.0
starved nation,11.0
relays,11.0
professional nurse,11.0
major producer,11.0
baby diapers,11.0
two protesters,11.0
top right corner,11.0
lounges,11.0
two heads,11.0
highlife musician,11.0
four titles,11.0
disadvantaged communities,11.0
nearby house,11.0
learned judge,11.0
local ecosystems,11.0
gauntlet,11.0
five-day singing marathon,11.0
clear consumables,11.0
manure,11.0
business person,11.0
petty trader,11.0
quality food products,11.0
long-time girlfriend,11.0
civilian lives,11.0
body fat,11.0
historical landmarks,11.0
economic agents,11.0
grapefruit,11.0
rural banking industry,11.0
fried plantain,11.0
first beneficiaries,11.0
leaked intimate video,11.0
librarians,11.0
sanctuaries,11.0
scrap metal,11.0
unaccredited tertiary institutions,11.0
chest pains,11.0
state vehicles,11.0
satisfied customers,11.0
lead poisoning,11.0
two packs,11.0
surgical gloves,11.0
community meetings,11.0
two stages,11.0
entire sector,11.0
celebrities premieres,11.0
essential healthcare,11.0
banking professionals,11.0
nine men,11.0
fungicides,11.0
bad place,11.0
unprintable words,11.0
international financiers,11.0
unauthorised movies,11.0
pumpkin,11.0
valuable platform,11.0
seven shops,11.0
film screenings,11.0
sunk fishing vessel,11.0
firearm assault,11.0
seven other people,11.0
key hub,11.0
immunisations,11.0
long arm,11.0
weak school,11.0
certain players,11.0
doughnuts,11.0
peasant farmer,11.0
red-light district,11.0
balanced diets,11.0
joint press statement,11.0
salvaged vehicles,11.0
one basket,11.0
three passengers,11.0
hibiscus extract,11.0
third arm,11.0
footballing world,11.0
final shortlist,11.0
richest people,11.0
avocado oil,11.0
obscene material,11.0
continental champions,11.0
southwest,11.0
world-class athletes,11.0
convicted felon,11.0
fuel tankers,11.0
heatstroke,11.0
bottom left corner,11.0
company spokesperson,11.0
best school,11.0
junior officers,11.0
upcoming parliamentary elections,11.0
non-essential shops,11.0
kidney stones,11.0
first spot,11.0
anti-corruption campaigners,11.0
lower part,11.0
gold nuggets,11.0
tropical cyclones,11.0
sought-after consultant,11.0
follow-up post,11.0
southern town,11.0
late officer,11.0
telecommunications services,11.0
different age groups,11.0
week-long road trip,11.0
lithium mining agreement,11.0
laboratory technicians,11.0
northern province,11.0
news brief,11.0
one episode,11.0
abusive person,11.0
smart technologies,11.0
excavator operator,11.0
halftime whistle,11.0
final consumer,11.0
roasted corn,11.0
treated water,11.0
cherelles,11.0
family gatherings,11.0
critical injuries,11.0
honorary doctorates,11.0
butyrate,11.0
designated free zone,11.0
debit transaction,11.0
pipeline theft,11.0
serious knee injury,11.0
particular political party,11.0
designated spaces,11.0
soybean oil,11.0
red palm oil,11.0
touts,11.0
four armed men,11.0
event vendors,11.0
red clay,11.0
women-led agribusinesses,11.0
modern farming techniques,11.0
two birds,11.0
drought conditions,11.0
lymphatic filariasis,11.0
bodily injury,11.0
particularly young people,11.0
interactive installations,11.0
movie screenings,11.0
certain persons,11.0
award-winning rapper,11.0
petrochemicals,11.0
online media,11.0
two-way street,11.0
commercial farmers,11.0
toilet rolls,11.0
nearby building,11.0
tree planting drive,11.0
next pope,11.0
winning school,11.0
air traffic controllers,11.0
second respondent,11.0
whole generation,11.0
one document,11.0
illicit ammunition,11.0
two defenders,11.0
multiple injuries,11.0
oil drilling,11.0
spiritualists,11.0
starting line,11.0
online classes,11.0
halitosis,11.0
school feeding programs,11.0
major destination,11.0
staff salaries,11.0
domestic supply,11.0
upstream industry,11.0
urban transportation,11.0
rising visual storytellers,11.0
phototherapy machines,11.0
illegal firearms,11.0
reputable auditing firm,11.0
paediatrics,11.0
two examples,11.0
data points,11.0
competitive matches,11.0
stepping stones,11.0
brain cancer,11.0
wild dog,11.0
motoring public,11.0
closest challenger,11.0
union congress,11.0
male sex workers,11.0
horticultural sector,11.0
one silver,11.0
prolonged droughts,11.0
last government,11.0
similar attack,11.0
inadequate facilities,11.0
popular figure,11.0
regular health check-ups,11.0
midnight,11.0
antigen tests,11.0
youngest person,11.0
inadequate housing,11.0
earlier attempts,11.0
duplicate key,11.0
former sanitation minister,11.0
outdooring,10.0
genetically modified organisms,10.0
undergraduate postgraduate,10.0
striking nurses,10.0
lice,10.0
numerous songs,10.0
interim boss,10.0
young agripreneurs,10.0
televised speech,10.0
marketing tool,10.0
different women,10.0
crannies,10.0
one session,10.0
two concerts,10.0
inspiring people,10.0
power losses,10.0
grown woman,10.0
kanyewest,10.0
machete,10.0
insurance sector,10.0
full report,10.0
wildfires,10.0
screenshots,10.0
iceberg,10.0
expired rice,10.0
showbiz circles,10.0
greatest players,10.0
educationist,10.0
veteran journalist,10.0
alarm bells,10.0
southeast,10.0
first slot,10.0
medical teams,10.0
cockpit voice recorder,10.0
two ladies,10.0
yen,10.0
motivational speaker,10.0
case management conference,10.0
suspected armed robbers,10.0
mining giant,10.0
colourful event,10.0
pulp,10.0
youth leader,10.0
two presidents,10.0
free zones,10.0
instructor,10.0
tartan tracks,10.0
sitting government,10.0
similar statement,10.0
engine oil,10.0
direct jobs,10.0
media productions,10.0
acid reflux,10.0
respiratory symptoms,10.0
pharmaceutical sector,10.0
state-owned properties,10.0
four presidents,10.0
study materials,10.0
whisker,10.0
official signing ceremony,10.0
candid interview,10.0
one currency,10.0
superb save,10.0
space technology,10.0
plywood,10.0
aerial logistics,10.0
decent homes,10.0
water purification,10.0
social media video,10.0
playoff round,10.0
air traffic,10.0
four parcels,10.0
superior courts,10.0
prospecting licences,10.0
constituency offices,10.0
oldest person,10.0
agri-tech,10.0
largest wildfire,10.0
modern agriculture,10.0
smart metering,10.0
household waste,10.0
mobile money industry,10.0
manual labour,10.0
innovative green solutions,10.0
emotional interview,10.0
plier,10.0
mosquito coils,10.0
municipal police commander,10.0
following days,10.0
local health officials,10.0
two pending applications,10.0
virtual learning,10.0
cocoa cooperatives,10.0
late lawyer,10.0
supplementary readers,10.0
active citizens,10.0
medical forms,10.0
space agency,10.0
alternative markets,10.0
terrorist organizations,10.0
various diseases,10.0
televised broadcast,10.0
sanitary industry,10.0
forensic experts,10.0
latest country,10.0
second-class citizens,10.0
thermal energy,10.0
shipping containers,10.0
schistosomiasis,10.0
recycled plastic,10.0
lymphoma,10.0
modern markets,10.0
powerful engine,10.0
best third-placed teams,10.0
train derailment,10.0
reputable organizations,10.0
receiver,10.0
naira currency,10.0
anniversary event,10.0
broadband infrastructure,10.0
one lane,10.0
silver screen,10.0
currently married women,10.0
national armwrestling team,10.0
street carnivals,10.0
past fortnight,10.0
poorer nations,10.0
lovely wife,10.0
mostly children,10.0
late legislator,10.0
cultural enthusiasts,10.0
missing aircraft,10.0
four regional contenders,10.0
eco-friendly materials,10.0
oxygen therapy,10.0
raw bauxite,10.0
foreperson,10.0
police uniforms,10.0
rights advocates,10.0
certain medications,10.0
egg yolks,10.0
fruit bats,10.0
entire globe,10.0
working royal,10.0
cleanest city,10.0
external investors,10.0
especially pregnant women,10.0
transgender woman,10.0
award-winning actor,10.0
deprived children,10.0
cold storage facilities,10.0
one gentleman,10.0
four females,10.0
whatever money,10.0
worst affected areas,10.0
late head,10.0
global cocoa industry,10.0
media experts,10.0
radio tour,10.0
remote jobs,10.0
medical laboratory managers,10.0
nearest hospital,10.0
cigarette smoke,10.0
kaolin,10.0
healthy snacks,10.0
leafy greens,10.0
eighth game,10.0
special prizes,10.0
computer games,10.0
hippocampus,10.0
sovereign bonds,10.0
external sites,10.0
top-flight football,10.0
two silver medals,10.0
liquefied natural gas,10.0
tennis shoes,10.0
topmost prize,10.0
two dominant parties,10.0
three different women,10.0
food enthusiasts,10.0
new highlife,10.0
iconic musician,10.0
international calls,10.0
student front,10.0
wheelchair racing,10.0
plastic production,10.0
compensation payments,10.0
two complainants,10.0
fatty foods,10.0
road medians,10.0
by-product,10.0
suspected site,10.0
industrial salt hub,10.0
thick black smoke,10.0
sunflower,10.0
police patrols,10.0
different versions,10.0
canned fish,10.0
probe committee,10.0
multiple master keys,10.0
sportswomen,10.0
agricultural workers,10.0
local councils,10.0
stilts,10.0
third complainant,10.0
commercial motorbikes,10.0
real culprits,10.0
customer visits,10.0
black attire,10.0
flip-flops,10.0
incoming minister,10.0
cowpeas,10.0
humanitarian workers,10.0
bikinis,10.0
five females,10.0
green building,10.0
avid country traveler,10.0
massive protest,10.0
oil theft,10.0
container ships,10.0
flat feet,10.0
rotation nurse,10.0
notaries,10.0
learned trial judge,10.0
current bill,10.0
biggest artists,10.0
district police command,10.0
borga,10.0
future presidents,10.0
vocational institutions,10.0
strong squad,10.0
settlement banks,10.0
one representative,10.0
passport services,10.0
popular waakye vendor,10.0
non-executive directors,10.0
richer countries,10.0
government assets,10.0
home fitness,10.0
sustainable kitchen project,10.0
online forums,10.0
first-time offenders,10.0
broad smile,10.0
canned foods,10.0
titanium,10.0
farm road projects,10.0
nearby shop,10.0
free data,10.0
middle-income earners,10.0
nicotine pouches,10.0
spinners,10.0
low-cost housing,10.0
formal banking system,10.0
local experts,10.0
lower back pain,10.0
music-loving duchess,10.0
multiple states,10.0
beauty care products,10.0
polling booths,10.0
skilled trades,10.0
theatre films,10.0
exclusive tour,10.0
poll workers,10.0
photojournalist,10.0
national finals,10.0
greatest musicians,10.0
deported migrants,10.0
nose rings,10.0
anklets,10.0
rap lyrics,10.0
true patriot,10.0
young protesters,10.0
peer educators,10.0
biggest contributor,10.0
playbacks,10.0
contact tracers,10.0
human shields,10.0
negative test,10.0
workmen,10.0
global tournament,10.0
conflict area,10.0
private sector organizations,10.0
vehicle registration,10.0
ruble,10.0
available land,10.0
one evening,10.0
cancer treatments,10.0
manufacturing jobs,10.0
separate rooms,10.0
two bronze medals,10.0
leading experts,10.0
local startups,10.0
deviants,10.0
similar systems,10.0
faith groups,10.0
arginine,10.0
international clients,10.0
even more communities,10.0
unqualified player,10.0
side-netting,10.0
worst-affected areas,10.0
new governments,10.0
five girls,10.0
collage,10.0
home seekers,10.0
border controls,10.0
disadvantaged groups,10.0
big hole,10.0
four mobile phones,10.0
metal detectors,10.0
mental health professional,10.0
pampers,10.0
expired vaccines,10.0
di continent,10.0
controversial figure,10.0
office furniture,10.0
multiple rounds,10.0
team player,10.0
rheumatoid arthritis,10.0
risky bets,10.0
road traffic deaths,10.0
helicopter crash disaster,10.0
official media platform,10.0
entire student body,10.0
blood clotting,10.0
aerobics session,10.0
metal containers,10.0
cheap goods,10.0
affordable internet,10.0
passenger vehicles,10.0
bar operators,10.0
smaller firms,10.0
southern province,10.0
vaccine exports,10.0
mobile clinics,10.0
self-employed workers,10.0
labour movement,10.0
poor schools,10.0
needed facilities,10.0
naphtha,10.0
aspiring leaders,10.0
embattled minister,10.0
vibrant private sector,10.0
konkonte,10.0
lsland,10.0
